{"cameraMode":{"drawMode":0,"name":"Shaded","section":"Shading Mode"},"sceneLighting":true,"audioPlay":false,"sceneViewState":{"showFog":true,"showMaterialUpdate":false,"showSkybox":false,"showFlares":true,"showImageEffects":true,"showParticleSystems":true},"in2DMode":false,"pivot":{"x":-6.33563232421875,"y":2.3039968013763429,"z":-2.3587729930877687},"rotation":{"x":0.0449325330555439,"y":0.7155283093452454,"z":-0.04621462896466255,"w":0.6956449151039124},"size":32.709861755371097,"orthographic":false}