{"cameraMode":{"drawMode":0,"name":"Shaded","section":"Shading Mode"},"sceneLighting":true,"audioPlay":false,"sceneViewState":{"showFog":true,"showMaterialUpdate":false,"showSkybox":false,"showFlares":true,"showImageEffects":true,"showParticleSystems":true},"in2DMode":false,"pivot":{"x":4.644075393676758,"y":6.096686363220215,"z":-0.04535778611898422},"rotation":{"x":0.3756464719772339,"y":0.6148064732551575,"z":-0.41656258702278139,"w":0.5544184446334839},"size":2.0366437435150148,"orthographic":false}