{"cameraMode":{"drawMode":0,"name":"Shaded","section":"Shading Mode"},"sceneLighting":false,"audioPlay":false,"sceneViewState":{"showFog":true,"showMaterialUpdate":false,"showSkybox":false,"showFlares":true,"showImageEffects":true,"showParticleSystems":true},"in2DMode":false,"pivot":{"x":0.5857031941413879,"y":0.9362847805023193,"z":0.09502086043357849},"rotation":{"x":0.4136302173137665,"y":0.040947627276182178,"z":-0.018625933676958085,"w":0.9093327522277832},"size":0.8745128512382507,"orthographic":false}