{"cameraMode":{"drawMode":0,"name":"Shaded","section":"Shading Mode"},"sceneLighting":false,"audioPlay":false,"sceneViewState":{"showFog":true,"showMaterialUpdate":false,"showSkybox":false,"showFlares":true,"showImageEffects":true,"showParticleSystems":true},"in2DMode":false,"pivot":{"x":-0.6602662205696106,"y":0.7599018812179565,"z":0.24596792459487916},"rotation":{"x":0.3216454088687897,"y":0.26677465438842776,"z":-0.09496888518333435,"w":0.9035265445709229},"size":1.750694990158081,"orthographic":false}