{"cameraMode":{"drawMode":0,"name":"Shaded","section":"Shading Mode"},"sceneLighting":true,"audioPlay":false,"sceneViewState":{"showFog":true,"showMaterialUpdate":false,"showSkybox":false,"showFlares":true,"showImageEffects":true,"showParticleSystems":true},"in2DMode":false,"pivot":{"x":2.7020082473754885,"y":0.8505532741546631,"z":0.37636423110961916},"rotation":{"x":0.06278929114341736,"y":-0.9371497631072998,"z":0.23619873821735383,"w":0.24909766018390656},"size":4.110622406005859,"orthographic":false}