{"cameraMode":{"drawMode":0,"name":"Shaded","section":"Shading Mode"},"sceneLighting":false,"audioPlay":false,"sceneViewState":{"showFog":true,"showMaterialUpdate":false,"showSkybox":false,"showFlares":true,"showImageEffects":true,"showParticleSystems":true},"in2DMode":false,"pivot":{"x":3.7532291412353517,"y":-1.110029935836792,"z":-5.969987869262695},"rotation":{"x":-0.002871285891160369,"y":-0.9928736090660095,"z":0.11669944226741791,"w":-0.024429885670542718},"size":11.305380821228028,"orthographic":false}