{"cameraMode":{"drawMode":0,"name":"Shaded","section":"Shading Mode"},"sceneLighting":false,"audioPlay":false,"sceneViewState":{"showFog":true,"showMaterialUpdate":false,"showSkybox":false,"showFlares":true,"showImageEffects":true,"showParticleSystems":true},"in2DMode":false,"pivot":{"x":-2.6424942016601564,"y":0.24450111389160157,"z":0.05326106399297714},"rotation":{"x":0.1747572422027588,"y":-0.7011929154396057,"z":0.18390879034996034,"w":0.6663157343864441},"size":2.0895164012908937,"orthographic":false}