{"cameraMode":{"drawMode":0,"name":"Shaded","section":"Shading Mode"},"sceneLighting":false,"audioPlay":false,"sceneViewState":{"showFog":true,"showMaterialUpdate":false,"showSkybox":false,"showFlares":true,"showImageEffects":true,"showParticleSystems":true},"in2DMode":false,"pivot":{"x":0.06413578987121582,"y":0.879492998123169,"z":-0.7814512252807617},"rotation":{"x":-0.011460711248219014,"y":0.4946649372577667,"z":0.006528353784233332,"w":0.8689903616905212},"size":4.240715980529785,"orthographic":false}