{"cameraMode":{"drawMode":0,"name":"Shaded","section":"Shading Mode"},"sceneLighting":true,"audioPlay":false,"sceneViewState":{"showFog":true,"showMaterialUpdate":false,"showSkybox":false,"showFlares":true,"showImageEffects":true,"showParticleSystems":true},"in2DMode":false,"pivot":{"x":0.27934539318084719,"y":-0.07131671905517578,"z":-1.5496753454208375},"rotation":{"x":0.05598971247673035,"y":-0.9115429520606995,"z":0.38528522849082949,"w":0.1324528604745865},"size":5.3106231689453129,"orthographic":false}