{"cameraMode":{"drawMode":0,"name":"Shaded","section":"Shading Mode"},"sceneLighting":false,"audioPlay":false,"sceneViewState":{"showFog":true,"showMaterialUpdate":false,"showSkybox":false,"showFlares":true,"showImageEffects":true,"showParticleSystems":true},"in2DMode":false,"pivot":{"x":-2.425692081451416,"y":0.21493971347808839,"z":-0.42719125747680666},"rotation":{"x":0.08505595475435257,"y":-0.9149459600448608,"z":0.27852168679237368,"w":0.2794204354286194},"size":2.0895164012908937,"orthographic":false}