{"cameraMode":{"drawMode":0,"name":"Shaded","section":"Shading Mode"},"sceneLighting":false,"audioPlay":false,"sceneViewState":{"showFog":true,"showMaterialUpdate":false,"showSkybox":false,"showFlares":true,"showImageEffects":true,"showParticleSystems":true},"in2DMode":false,"pivot":{"x":4.020598411560059,"y":0.7148404121398926,"z":0.39164334535598757},"rotation":{"x":-0.046057458966970447,"y":-0.9539467692375183,"z":0.20931898057460786,"w":-0.20991884171962739},"size":1.3495705127716065,"orthographic":false}