{"cameraMode":{"drawMode":0,"name":"Shaded","section":"Shading Mode"},"sceneLighting":false,"audioPlay":false,"sceneViewState":{"showFog":true,"showMaterialUpdate":false,"showSkybox":false,"showFlares":true,"showImageEffects":true,"showParticleSystems":true},"in2DMode":false,"pivot":{"x":0.2812460660934448,"y":0.6491301655769348,"z":-0.428264856338501},"rotation":{"x":-0.07703118026256561,"y":0.916168212890625,"z":-0.33017498254776,"w":-0.21374545991420747},"size":1.4745128154754639,"orthographic":false}