{"cameraMode":{"drawMode":0,"name":"Shaded","section":"Shading Mode"},"sceneLighting":true,"audioPlay":false,"sceneViewState":{"showFog":true,"showMaterialUpdate":false,"showSkybox":true,"showFlares":true,"showImageEffects":true,"showParticleSystems":true},"in2DMode":false,"pivot":{"x":18.82959747314453,"y":0.21236348152160645,"z":-1.8318240642547608},"rotation":{"x":0.091647207736969,"y":0.6695860028266907,"z":-0.08379846066236496,"w":0.7323296070098877},"size":7.61379337310791,"orthographic":false}