{"cameraMode":{"drawMode":0,"name":"Shaded","section":"Shading Mode"},"sceneLighting":false,"audioPlay":false,"sceneViewState":{"showFog":true,"showMaterialUpdate":false,"showSkybox":false,"showFlares":true,"showImageEffects":true,"showParticleSystems":true},"in2DMode":false,"pivot":{"x":0.027853190898895265,"y":1.0153614282608033,"z":0.12267547845840454},"rotation":{"x":-0.25610971450805666,"y":-0.6207075715065002,"z":0.2251739799976349,"w":-0.7060046792030335},"size":1.4745128154754639,"orthographic":false}