{"cameraMode":{"drawMode":0,"name":"Shaded","section":"Shading Mode"},"sceneLighting":true,"audioPlay":false,"sceneViewState":{"showFog":true,"showMaterialUpdate":false,"showSkybox":false,"showFlares":true,"showImageEffects":true,"showParticleSystems":true},"in2DMode":false,"pivot":{"x":5.855792999267578,"y":6.188333988189697,"z":1.131063461303711},"rotation":{"x":0.0644056499004364,"y":0.7372158765792847,"z":-0.07099048048257828,"w":0.6688252687454224},"size":1.4366438388824463,"orthographic":false}