{"cameraMode":{"drawMode":0,"name":"Shaded","section":"Shading Mode"},"sceneLighting":false,"audioPlay":false,"sceneViewState":{"showFog":true,"showMaterialUpdate":false,"showSkybox":false,"showFlares":true,"showImageEffects":true,"showParticleSystems":true},"in2DMode":false,"pivot":{"x":-0.48112982511520388,"y":1.1818461418151856,"z":-0.12026619911193848},"rotation":{"x":0.02997542731463909,"y":0.03657742962241173,"z":-0.0010976975318044425,"w":0.9988821744918823},"size":1.750694990158081,"orthographic":false}