{"cameraMode":{"drawMode":0,"name":"Shaded","section":"Shading Mode"},"sceneLighting":false,"audioPlay":false,"sceneViewState":{"showFog":true,"showMaterialUpdate":false,"showSkybox":false,"showFlares":true,"showImageEffects":true,"showParticleSystems":true},"in2DMode":false,"pivot":{"x":-5.646751403808594,"y":-0.3060767650604248,"z":3.498380661010742},"rotation":{"x":-0.046057458966970447,"y":-0.9539467692375183,"z":0.20931898057460786,"w":-0.20991884171962739},"size":1.7690283060073853,"orthographic":false}